heading--2eONR,content--3JNQz,description--2-ez3,price--3SnqI
820 Sft-Flot - Sling,"BAD: 2, Baath: 2","Dhaka Department, sale of flats.",• Every square feet per square
Bugwork New 1600soft.,"Bed: 3, Baath: 3","Dhaka, sale of flats","The total cost of 1,55,000"
Living plans are being booked.,5.0 wood,"Don't open, sell the land.","* To the 2,800,000 wood"
"Laxury Felt Romane Bosilda de Mohammadur, Dhaka-1229","Bed: 3, Baath: 3","Dhaka, sale of flats","The total cost of 1,150,000"
Luxury Fourn Ready to period 1603 sft Apt: Is Ferent in Benn,"Bed: 3, Baath: 3","Dhaka, flat rent.","• 1,300,000 each month"
"Welfort 27,500 sq.fds Aartment International Guillsan2","BAD: 3, Baath: 4","Dhaka, flat rent.","• 1,300,000 each month"
LKe view: With Lyxury Fother Frontron in Guillan 2,"BAD: 4, Baath: 4","Dhaka, flat rent.","▪ 3,500,000 per month"
WLLIINILOD AND OFFINICE,"1,350 squarefoot","Dhaka, Comarcial Propertor","55,000 / Mas"
Spacilous 5000sq.fdlx Apparment for Rent in Guillsan Dhakara,"BAD: 4, Baath: 4","Dhaka, flat rent.","• 2,500,000 per month"
"Uttara 3rd Pande Sector 15/a, Carnar Port Force Force",3.0 wood.,"Dhaka, sale of land","The total cost of 4,500,000"
Center of Nikunja - 2 Corner Paul,2.5 wood.,"Dhaka, sale of land","The total cost of 5,250,000"
5.5 woodlands sell with home. #industral & Residants,"Bed: 3, Baasha: 1","Dhaka, sale","▪ 2,2000,000"
3-Besidement half-all,"Bed: 3, Baath: 3","Dhaka, flat rent.","▪ 40,000 per month"
"Ashelia sells 2.50 wood sizes in the project ""Navana Vali""",2.5 wood.,"Dhaka, sale of land","• The total cost of 50,000"
"Astulia sells the block 4 wood plot to ""Navana Vali"" project",4.0 wood,"Dhaka, sale of land","The total cost of 380,000"
1450 Sft_3 Bee_far Field @Lamalia Block E,"Bed: 3, Baath: 3","Dhaka, sale of flats","• The total cost of 1,950,000"
quematiya's block_3Bd_1450 B: Fu_new free flat sales,"Bed: 3, Baath: 3","Dhaka, sale of flats","• The total cost of 1,950,000"
Northern Sector #13_South square_1600: FUN flats sold,"Bed: 3, Baath: 3","Dhaka, sale of flats","The total cost of 1,550,000"
4 Bed_2900 Sft_luxury Farace @Basssundaka D Block,"BAD: 4, Baath: 4","Dhaka, sale of flats","The total cost of 2,755,000"
Green Road 3 Bed 1390 squarefoot apartments selling,"Bed: 3, Baath: 3","Dhaka, sale of flats","The total cost of 1,22,000"
Exculsive Souting 2763 S greatst Folt Out Level@Gulsan 1,"Bed: 4, Baath: 3","Dhaka, sale of flats","• The total cost of 3,800,000"
Semi Fourney _290_sft_4 Bed_Flot_Fortales@Utara Sector 7,"BAD: 4, Baath: 4","Dhaka, sale of flats","• The total cost of 3,200,000"
Banded Alo link road 3d 1660 squared flats sale,"Bed: 3, Baath: 3","Dhaka, sale of flats","• The total cost of 1,300,000"
Mass Aman Houseing 1495 squarefoot 3d apartments sell,"Bed: 3, Baath: 3","Dhaka, sale of flats","• The total cost of 97,000,000"
Your name's No. 5500 Sq Foxury Act with Gym/Pol Fart in Gaul,"BAD: 4, Baath: 5","Dhaka, flat rent.","• Every month • 5,000,000 months"
